Handle,Title,Body (HTML),Variant SKU,Variant Price,Image Src,Cost per item,Variant Image,Variant Fulfillment Service,Variant Inventory Policy,Variant Inventory Tracker,Google Shopping / Gender,Type,Vendor,Tags,Status,Published,Variant Compare At Price,product.metafields.custom.original_prodect_url
"purple_cosmetic_bag_/_603531000954","Vicky Tiel, Purple Cosmetic Bag /","Design house: Vicky Tiel. Series: Purple Cosmetic Bag. Gender: Ladies. Category: Tools &amp; Brushes. Type: Misc. SubType: Tools. Barcode: 603531000954. Purple Cosmetic Bag / Vicky Tiel 603531000954. <br><br> This item is only valid for shipment in the Contiguous United States.","603531000954","38","https://cdn2.jomashop.com/media/catalog/product/cache/0ee3019724ce73007b606b54ba535a23/p/u/purple-cosmetic-bag-vicky-tiel-603531000954.jpg?width=546&height=546","29.36","https://cdn2.jomashop.com/media/catalog/product/cache/0ee3019724ce73007b606b54ba535a23/p/u/purple-cosmetic-bag-vicky-tiel-603531000954.jpg?width=546&height=546","manual","deny","shopify","female","USA Products","Joma Shop","Makeup, women, Lips, Sponges , Brushes, Lash Tools, Blotting Papers, Makeup Tools, Makeup, Vicky Tiel, Purple Cosmetic Bag","Active","TRUE","44","https://www.jomashop.com/purple-cosmetic-bag-vicky-tiel-603531000954.html"
"/_naname_fude_multi_eye_brush_729238146976","Shiseido, / Naname Fude Multi Eye Brush","Design house: Shiseido. Series: Essential Energy. Gender: Ladies. Category: Cosmetics. Type: Makeup. SubType: Tools. Beauty group: Eyes. Size: 1.0 oz. Barcode: 729238146976.  Diagonally-cut, synthetic bristles suit any eye shape and can be used to define, blend, and diffuse cream, powder, and gel formulas. These high-performing fibers provide a cushioning effect, while a revolutionary hidden core maintains the tool’s shape and creates the perfect balance of strength and flexibility. Handcrafted in Japan, this ultra-soft brush brilliantly deposits colour and quickly diffuses any hard edges. Shiseido / Naname Fude Multi Eye Brush.","729238146976","95","https://cdn2.jomashop.com/media/catalog/product/cache/0ee3019724ce73007b606b54ba535a23/s/h/shiseido-naname-fude-multi-eye-brush-729238146976.jpg?width=546&height=546","73.46","https://cdn2.jomashop.com/media/catalog/product/cache/0ee3019724ce73007b606b54ba535a23/s/h/shiseido-naname-fude-multi-eye-brush-729238146976.jpg?width=546&height=546","manual","deny","shopify","female","USA Products","Joma Shop","Makeup, women, Lips, Sponges , Brushes, Lash Tools, Blotting Papers, Makeup Tools, Makeup, Eye Products, Essential Energy","Active","TRUE","113","https://www.jomashop.com/shiseido-naname-fude-multi-eye-brush-729238146976.html"
"/_naname_fude_multi_eye_brush_729238146976","","","","","https://cdn2.jomashop.com/media/catalog/product/cache/0ee3019724ce73007b606b54ba535a23/s/h/shiseido-naname-fude-multi-eye-brush-729238146976_2.jpg?width=546&height=546","","","","","","","","","","","","",""
"cosmetics_/_foundation_pump_773602124275","MAC, Cosmetics / Foundation Pump","Design house: Mac Cosmetics. Series: Foundation Pump. Gender: Ladies. Category: Cosmetics. Type: Makeup. SubType: Tools. Size: .001. Barcode: 773602124275. Mac Cosmetics / Foundation Pump.","773602124275","76","https://cdn2.jomashop.com/media/catalog/product/cache/0ee3019724ce73007b606b54ba535a23/m/a/mac-cosmetics-foundation-pump-773602124275.jpg?width=546&height=546","58.76","https://cdn2.jomashop.com/media/catalog/product/cache/0ee3019724ce73007b606b54ba535a23/m/a/mac-cosmetics-foundation-pump-773602124275.jpg?width=546&height=546","manual","deny","shopify","female","USA Products","Joma Shop","Makeup, women, Lips, Sponges , Brushes, Lash Tools, Blotting Papers, Makeup Tools, Makeup, MAC","Active","TRUE","93","https://www.jomashop.com/mac-cosmetics-foundation-pump-773602124275.html"
"/_detail_shader_eye_brush_098132427833","Bareminerals, / Detail Shader Eye Brush","Design house: Bareminerals. Gender: Ladies. Category: Cosmetics. Type: Makeup. SubType: Tools Brush. Size: 0.01 oz. SKU: BAREBR37. Barcode: 098132427833. Bareminerals / Detail Shader Eye Brush.","098132427833","62","https://cdn2.jomashop.com/media/catalog/product/cache/0ee3019724ce73007b606b54ba535a23/b/a/bareminerals-detail-shader-eye-brush-barebr37.jpg?width=546&height=546","47.74","https://cdn2.jomashop.com/media/catalog/product/cache/0ee3019724ce73007b606b54ba535a23/b/a/bareminerals-detail-shader-eye-brush-barebr37.jpg?width=546&height=546","manual","deny","shopify","female","USA Products","Joma Shop","Makeup, women, Lips, Sponges , Brushes, Lash Tools, Blotting Papers, Makeup Tools, Makeup, Eye Products","Active","TRUE","79","https://www.jomashop.com/bareminerals-makeup-barebr37.html"
"/_eye_lash_curler_607845018308","Nars, / Eye Lash Curler","Design house: Nars. Gender: Ladies. Category: Cosmetics. Type: Makeup. SubType: Tools. Beauty group: Eyes. Size: 0.01 oz. Barcode: 607845018308. Nars / Eye Lash Curler.","607845018308","71","https://cdn2.jomashop.com/media/catalog/product/cache/0ee3019724ce73007b606b54ba535a23/n/a/nars-eye-lash-curler-607845018308.jpg?width=546&height=546","55.09","https://cdn2.jomashop.com/media/catalog/product/cache/0ee3019724ce73007b606b54ba535a23/n/a/nars-eye-lash-curler-607845018308.jpg?width=546&height=546","manual","deny","shopify","female","USA Products","Joma Shop","Makeup, women, Lips, Sponges , Brushes, Lash Tools, Blotting Papers, Makeup Tools, Makeup, Eye Products","Active","TRUE","89","https://www.jomashop.com/nars-eye-lash-curler-607845018308.html"
"/_eye_lash_curler_607845018308","","","","","https://cdn2.jomashop.com/media/catalog/product/cache/0ee3019724ce73007b606b54ba535a23/n/a/nars-eye-lash-curler-607845018308_2.jpg?width=546&height=546","","","","","","","","","","","","",""
"/_eye_lash_curler_607845018308","","","","","https://cdn2.jomashop.com/media/catalog/product/cache/0ee3019724ce73007b606b54ba535a23/n/a/nars-eye-lash-curler-607845018308_3.jpg?width=546&height=546","","","","","","","","","","","","",""
"/_no.13_precision_blending_brush_607845018537","Nars, / No.13 Precision Blending Brush","For precision application of concealer Ideal for focused use on spots, pigmented areas, or around the eyes and nose. Design house: Nars. Gender: Ladies. Category: Cosmetics. Type: Makeup. SubType: Tools Brush. Size: 0.01 oz. SKU: NARSBR24. Barcode: 607845018537. Nars / No.13 Precision Blending Brush.","607845018537","76","https://cdn2.jomashop.com/media/catalog/product/cache/0ee3019724ce73007b606b54ba535a23/n/a/nars-no13-precision-blending-brush-607845018537.jpg?width=546&height=546","58.76","https://cdn2.jomashop.com/media/catalog/product/cache/0ee3019724ce73007b606b54ba535a23/n/a/nars-no13-precision-blending-brush-607845018537.jpg?width=546&height=546","manual","deny","shopify","female","USA Products","Joma Shop","Makeup, women, Lips, Sponges , Brushes, Lash Tools, Blotting Papers, Makeup Tools, Makeup, Face Products","Active","TRUE","90","https://www.jomashop.com/nars-makeup-narsbr24-0-01oz.html"
"/_no.13_precision_blending_brush_607845018537","","","","","https://cdn2.jomashop.com/media/catalog/product/cache/0ee3019724ce73007b606b54ba535a23/n/a/nars-no13-precision-blending-brush-607845018537_2.jpg?width=546&height=546","","","","","","","","","","","","",""
"/_no.13_precision_blending_brush_607845018537","","","","","https://cdn2.jomashop.com/media/catalog/product/cache/0ee3019724ce73007b606b54ba535a23/n/a/nars-no13-precision-blending-brush-607845018537_3.jpg?width=546&height=546","","","","","","","","","","","","",""
"/_double_ended_perfect_fill_lip_brush_098132427918","Bareminerals, / Double Ended Perfect Fill Lip Brush","Synthetic fibers. Concealing and blending. Use with lip color. Design house: Bareminerals. Gender: Ladies. Category: Cosmetics. Type: Makeup. SubType: Tools Brush. Size: 0.01 oz. Style: BAREBR51. Barcode: 098132427918. Bareminerals / Double Ended Perfect Fill Lip Brush.","098132427918","66","https://cdn2.jomashop.com/media/catalog/product/cache/0ee3019724ce73007b606b54ba535a23/b/a/bareminerals-double-ended-perfect-fill-lip-brush-098132427918.jpg?width=546&height=546","51.41","https://cdn2.jomashop.com/media/catalog/product/cache/0ee3019724ce73007b606b54ba535a23/b/a/bareminerals-double-ended-perfect-fill-lip-brush-098132427918.jpg?width=546&height=546","manual","deny","shopify","female","USA Products","Joma Shop","Makeup, women, Lips, Sponges , Brushes, Lash Tools, Blotting Papers, Makeup Tools, Makeup, Lip Products, Double-Ended Perfect Fill Lip Brush","Active","TRUE","77","https://www.jomashop.com/bareminerals-cosmetics-barebr51.html"
"/_double_ended_perfect_fill_lip_brush_098132427918","","","","","https://cdn2.jomashop.com/media/catalog/product/cache/0ee3019724ce73007b606b54ba535a23/b/a/bareminerals-double-ended-perfect-fill-lip-brush-098132427918_2.jpg?width=546&height=546","","","","","","","","","","","","",""
"/_double_ended_perfect_fill_lip_brush_098132427918","","","","","https://cdn2.jomashop.com/media/catalog/product/cache/0ee3019724ce73007b606b54ba535a23/b/a/bareminerals-double-ended-perfect-fill-lip-brush-098132427918_3.jpg?width=546&height=546","","","","","","","","","","","","",""
"/_tools_brush_no.12_-_cream_blending_brush_607845018476","Nars, / Tools Brush No.12 - Cream Blending Brush","Squirrel hair for definition and for creating depth in the crease of the eye. Design house: Nars. Gender: Ladies. Category: Cosmetics. Type: Make. SubType: Tools Brush. Size: 0.01 oz. Style: NARSBR12. Barcode: 607845018476. Nars / Tools Brush No.12 - Cream Blending Brush.","607845018476","71","https://cdn2.jomashop.com/media/catalog/product/cache/0ee3019724ce73007b606b54ba535a23/n/a/nars-tools-brush-no12-cream-blending-brush-607845018476.jpg?width=546&height=546","55.09","https://cdn2.jomashop.com/media/catalog/product/cache/0ee3019724ce73007b606b54ba535a23/n/a/nars-tools-brush-no12-cream-blending-brush-607845018476.jpg?width=546&height=546","manual","deny","shopify","female","USA Products","Joma Shop","Makeup, women, Lips, Sponges , Brushes, Lash Tools, Blotting Papers, Makeup Tools, Makeup, Face Products","Active","TRUE","91","https://www.jomashop.com/nars-cosmetics-narsbr12.html"
"christian_ladies_dior_backstage_concealer_brush_13_makeup_3348901379144","Dior, Christian Ladies Dior Backstage Concealer Brush 13 Makeup","Created for applying correctors &amp; concealers in a single stroke. Inspired by backstage runway shows to give perfect, simple makeup application. Made with extremely fine synthetic fibers with a flat, tapered ""cat’s tongue"" tip. Offers precise &amp; controlled application of all types of concealer in just the right dose. Delivers a smoothed &amp; blended texture to flawlessly correct imperfections. Design house: Christian Dior. Series: Dior Backstage Concealer Brush 13. Gender: Ladies. Category: Cosmetics. SubType: Styling Tools. Barcode: 3348901379144. Christian Dior Ladies Dior Backstage Concealer Brush 13 Makeup 3348901379144.","3348901379144","138","https://cdn2.jomashop.com/media/catalog/product/cache/0ee3019724ce73007b606b54ba535a23/c/h/christian-dior-ladies-dior-backstage-concealer-brush-13-makeup-3348901379144.jpg?width=546&height=546","106.54","https://cdn2.jomashop.com/media/catalog/product/cache/0ee3019724ce73007b606b54ba535a23/c/h/christian-dior-ladies-dior-backstage-concealer-brush-13-makeup-3348901379144.jpg?width=546&height=546","manual","deny","shopify","female","USA Products","Joma Shop","Makeup, women, Lips, Sponges , Brushes, Lash Tools, Blotting Papers, Makeup Tools, Makeup, Dior","Active","TRUE","175","https://www.jomashop.com/christian-dior-ladies-dior-backstage-concealer-brush-13-makeup-3348901379144.html"
"christian_ladies_dior_backstage_concealer_brush_13_makeup_3348901379144","","","","","https://cdn2.jomashop.com/media/catalog/product/cache/0ee3019724ce73007b606b54ba535a23/c/h/christian-dior-ladies-dior-backstage-concealer-brush-13-makeup-3348901379144_2.jpg?width=546&height=546","","","","","","","","","","","","",""
"christian_ladies_dior_backstage_concealer_brush_13_makeup_3348901379144","","","","","https://cdn2.jomashop.com/media/catalog/product/cache/0ee3019724ce73007b606b54ba535a23/c/h/christian-dior-ladies-dior-backstage-concealer-brush-13-makeup-3348901379144_3.jpg?width=546&height=546","","","","","","","","","","","","",""
"/_seamless_shaping_finish_brush_098132427734","Bareminerals, / Seamless Shaping Finish Brush","A brush that features natural fibers for sheer application and blending of finishing powders, luminizers, and bronzers. Blend in your favorite powders, luminizers and bronzers like a makeup artist pro. The Shaping &amp; Finish Brush has natural fibers that make it seamless to apply and blend in formulas. Design house: Bareminerals. Gender: Ladies. Category: Cosmetics. Type: Makeup. SubType: Tools Brush. Size: 0.01 oz. Style: BAREBR26. Barcode: 098132427734. Bareminerals / Seamless Shaping Finish Brush.","098132427734","95","https://cdn2.jomashop.com/media/catalog/product/cache/0ee3019724ce73007b606b54ba535a23/b/a/bareminerals-seamless-shaping-finish-brush-098132427734.jpg?width=546&height=546","73.46","https://cdn2.jomashop.com/media/catalog/product/cache/0ee3019724ce73007b606b54ba535a23/b/a/bareminerals-seamless-shaping-finish-brush-098132427734.jpg?width=546&height=546","manual","deny","shopify","female","USA Products","Joma Shop","Makeup, women, Lips, Sponges , Brushes, Lash Tools, Blotting Papers, Makeup Tools, Makeup, Face Products","Active","TRUE","112","https://www.jomashop.com/bareminerals-cosmetics-barebr26.html"